source,dest,port
0,1,0
0,2,1
0,3,2
0,4,3
0,5,4
0,6,5
0,7,6
0,8,7
0,72,8
0,136,9
0,200,10
1,0,0
1,2,1
1,3,2
1,4,3
1,5,4
1,6,5
1,7,6
1,16,7
1,80,8
1,144,9
1,208,10
2,0,0
2,1,1
2,3,2
2,4,3
2,5,4
2,6,5
2,7,6
2,24,7
2,88,8
2,152,9
2,216,10
3,0,0
3,1,1
3,2,2
3,4,3
3,5,4
3,6,5
3,7,6
3,32,7
3,96,8
3,160,9
3,224,10
4,0,0
4,1,1
4,2,2
4,3,3
4,5,4
4,6,5
4,7,6
4,40,7
4,104,8
4,168,9
4,232,10
5,0,0
5,1,1
5,2,2
5,3,3
5,4,4
5,6,5
5,7,6
5,48,7
5,112,8
5,176,9
5,240,10
6,0,0
6,1,1
6,2,2
6,3,3
6,4,4
6,5,5
6,7,6
6,56,7
6,120,8
6,184,9
6,248,10
7,0,0
7,1,1
7,2,2
7,3,3
7,4,4
7,5,5
7,6,6
7,64,7
7,128,8
7,192,9
7,256,10
8,0,0
8,9,1
8,10,2
8,11,3
8,12,4
8,13,5
8,14,6
8,15,7
8,73,8
8,137,9
8,201,10
9,8,0
9,10,1
9,11,2
9,12,3
9,13,4
9,14,5
9,15,6
9,17,7
9,81,8
9,145,9
9,209,10
10,8,0
10,9,1
10,11,2
10,12,3
10,13,4
10,14,5
10,15,6
10,25,7
10,89,8
10,153,9
10,217,10
11,8,0
11,9,1
11,10,2
11,12,3
11,13,4
11,14,5
11,15,6
11,33,7
11,97,8
11,161,9
11,225,10
12,8,0
12,9,1
12,10,2
12,11,3
12,13,4
12,14,5
12,15,6
12,41,7
12,105,8
12,169,9
12,233,10
13,8,0
13,9,1
13,10,2
13,11,3
13,12,4
13,14,5
13,15,6
13,49,7
13,113,8
13,177,9
13,241,10
14,8,0
14,9,1
14,10,2
14,11,3
14,12,4
14,13,5
14,15,6
14,57,7
14,121,8
14,185,9
14,249,10
15,8,0
15,9,1
15,10,2
15,11,3
15,12,4
15,13,5
15,14,6
15,65,7
15,129,8
15,193,9
15,257,10
16,1,0
16,17,1
16,18,2
16,19,3
16,20,4
16,21,5
16,22,6
16,23,7
16,74,8
16,138,9
16,202,10
17,9,0
17,16,1
17,18,2
17,19,3
17,20,4
17,21,5
17,22,6
17,23,7
17,82,8
17,146,9
17,210,10
18,16,0
18,17,1
18,19,2
18,20,3
18,21,4
18,22,5
18,23,6
18,26,7
18,90,8
18,154,9
18,218,10
19,16,0
19,17,1
19,18,2
19,20,3
19,21,4
19,22,5
19,23,6
19,34,7
19,98,8
19,162,9
19,226,10
20,16,0
20,17,1
20,18,2
20,19,3
20,21,4
20,22,5
20,23,6
20,42,7
20,106,8
20,170,9
20,234,10
21,16,0
21,17,1
21,18,2
21,19,3
21,20,4
21,22,5
21,23,6
21,50,7
21,114,8
21,178,9
21,242,10
22,16,0
22,17,1
22,18,2
22,19,3
22,20,4
22,21,5
22,23,6
22,58,7
22,122,8
22,186,9
22,250,10
23,16,0
23,17,1
23,18,2
23,19,3
23,20,4
23,21,5
23,22,6
23,66,7
23,130,8
23,194,9
23,258,10
24,2,0
24,25,1
24,26,2
24,27,3
24,28,4
24,29,5
24,30,6
24,31,7
24,75,8
24,139,9
24,203,10
25,10,0
25,24,1
25,26,2
25,27,3
25,28,4
25,29,5
25,30,6
25,31,7
25,83,8
25,147,9
25,211,10
26,18,0
26,24,1
26,25,2
26,27,3
26,28,4
26,29,5
26,30,6
26,31,7
26,91,8
26,155,9
26,219,10
27,24,0
27,25,1
27,26,2
27,28,3
27,29,4
27,30,5
27,31,6
27,35,7
27,99,8
27,163,9
27,227,10
28,24,0
28,25,1
28,26,2
28,27,3
28,29,4
28,30,5
28,31,6
28,43,7
28,107,8
28,171,9
28,235,10
29,24,0
29,25,1
29,26,2
29,27,3
29,28,4
29,30,5
29,31,6
29,51,7
29,115,8
29,179,9
29,243,10
30,24,0
30,25,1
30,26,2
30,27,3
30,28,4
30,29,5
30,31,6
30,59,7
30,123,8
30,187,9
30,251,10
31,24,0
31,25,1
31,26,2
31,27,3
31,28,4
31,29,5
31,30,6
31,67,7
31,131,8
31,195,9
31,259,10
32,3,0
32,33,1
32,34,2
32,35,3
32,36,4
32,37,5
32,38,6
32,39,7
32,76,8
32,140,9
32,204,10
33,11,0
33,32,1
33,34,2
33,35,3
33,36,4
33,37,5
33,38,6
33,39,7
33,84,8
33,148,9
33,212,10
34,19,0
34,32,1
34,33,2
34,35,3
34,36,4
34,37,5
34,38,6
34,39,7
34,92,8
34,156,9
34,220,10
35,27,0
35,32,1
35,33,2
35,34,3
35,36,4
35,37,5
35,38,6
35,39,7
35,100,8
35,164,9
35,228,10
36,32,0
36,33,1
36,34,2
36,35,3
36,37,4
36,38,5
36,39,6
36,44,7
36,108,8
36,172,9
36,236,10
37,32,0
37,33,1
37,34,2
37,35,3
37,36,4
37,38,5
37,39,6
37,52,7
37,116,8
37,180,9
37,244,10
38,32,0
38,33,1
38,34,2
38,35,3
38,36,4
38,37,5
38,39,6
38,60,7
38,124,8
38,188,9
38,252,10
39,32,0
39,33,1
39,34,2
39,35,3
39,36,4
39,37,5
39,38,6
39,68,7
39,132,8
39,196,9
39,260,10
40,4,0
40,41,1
40,42,2
40,43,3
40,44,4
40,45,5
40,46,6
40,47,7
40,77,8
40,141,9
40,205,10
41,12,0
41,40,1
41,42,2
41,43,3
41,44,4
41,45,5
41,46,6
41,47,7
41,85,8
41,149,9
41,213,10
42,20,0
42,40,1
42,41,2
42,43,3
42,44,4
42,45,5
42,46,6
42,47,7
42,93,8
42,157,9
42,221,10
43,28,0
43,40,1
43,41,2
43,42,3
43,44,4
43,45,5
43,46,6
43,47,7
43,101,8
43,165,9
43,229,10
44,36,0
44,40,1
44,41,2
44,42,3
44,43,4
44,45,5
44,46,6
44,47,7
44,109,8
44,173,9
44,237,10
45,40,0
45,41,1
45,42,2
45,43,3
45,44,4
45,46,5
45,47,6
45,53,7
45,117,8
45,181,9
45,245,10
46,40,0
46,41,1
46,42,2
46,43,3
46,44,4
46,45,5
46,47,6
46,61,7
46,125,8
46,189,9
46,253,10
47,40,0
47,41,1
47,42,2
47,43,3
47,44,4
47,45,5
47,46,6
47,69,7
47,133,8
47,197,9
47,261,10
48,5,0
48,49,1
48,50,2
48,51,3
48,52,4
48,53,5
48,54,6
48,55,7
48,78,8
48,142,9
48,206,10
49,13,0
49,48,1
49,50,2
49,51,3
49,52,4
49,53,5
49,54,6
49,55,7
49,86,8
49,150,9
49,214,10
50,21,0
50,48,1
50,49,2
50,51,3
50,52,4
50,53,5
50,54,6
50,55,7
50,94,8
50,158,9
50,222,10
51,29,0
51,48,1
51,49,2
51,50,3
51,52,4
51,53,5
51,54,6
51,55,7
51,102,8
51,166,9
51,230,10
52,37,0
52,48,1
52,49,2
52,50,3
52,51,4
52,53,5
52,54,6
52,55,7
52,110,8
52,174,9
52,238,10
53,45,0
53,48,1
53,49,2
53,50,3
53,51,4
53,52,5
53,54,6
53,55,7
53,118,8
53,182,9
53,246,10
54,48,0
54,49,1
54,50,2
54,51,3
54,52,4
54,53,5
54,55,6
54,62,7
54,126,8
54,190,9
54,254,10
55,48,0
55,49,1
55,50,2
55,51,3
55,52,4
55,53,5
55,54,6
55,70,7
55,134,8
55,198,9
55,262,10
56,6,0
56,57,1
56,58,2
56,59,3
56,60,4
56,61,5
56,62,6
56,63,7
56,79,8
56,143,9
56,207,10
57,14,0
57,56,1
57,58,2
57,59,3
57,60,4
57,61,5
57,62,6
57,63,7
57,87,8
57,151,9
57,215,10
58,22,0
58,56,1
58,57,2
58,59,3
58,60,4
58,61,5
58,62,6
58,63,7
58,95,8
58,159,9
58,223,10
59,30,0
59,56,1
59,57,2
59,58,3
59,60,4
59,61,5
59,62,6
59,63,7
59,103,8
59,167,9
59,231,10
60,38,0
60,56,1
60,57,2
60,58,3
60,59,4
60,61,5
60,62,6
60,63,7
60,111,8
60,175,9
60,239,10
61,46,0
61,56,1
61,57,2
61,58,3
61,59,4
61,60,5
61,62,6
61,63,7
61,119,8
61,183,9
61,247,10
62,54,0
62,56,1
62,57,2
62,58,3
62,59,4
62,60,5
62,61,6
62,63,7
62,127,8
62,191,9
62,255,10
63,56,0
63,57,1
63,58,2
63,59,3
63,60,4
63,61,5
63,62,6
63,71,7
63,135,8
63,199,9
63,263,10
64,7,0
64,65,1
64,66,2
64,67,3
64,68,4
64,69,5
64,70,6
64,71,7
64,72,8
64,136,9
64,200,10
65,15,0
65,64,1
65,66,2
65,67,3
65,68,4
65,69,5
65,70,6
65,71,7
65,80,8
65,144,9
65,208,10
66,23,0
66,64,1
66,65,2
66,67,3
66,68,4
66,69,5
66,70,6
66,71,7
66,88,8
66,152,9
66,216,10
67,31,0
67,64,1
67,65,2
67,66,3
67,68,4
67,69,5
67,70,6
67,71,7
67,96,8
67,160,9
67,224,10
68,39,0
68,64,1
68,65,2
68,66,3
68,67,4
68,69,5
68,70,6
68,71,7
68,104,8
68,168,9
68,232,10
69,47,0
69,64,1
69,65,2
69,66,3
69,67,4
69,68,5
69,70,6
69,71,7
69,112,8
69,176,9
69,240,10
70,55,0
70,64,1
70,65,2
70,66,3
70,67,4
70,68,5
70,69,6
70,71,7
70,120,8
70,184,9
70,248,10
71,63,0
71,64,1
71,65,2
71,66,3
71,67,4
71,68,5
71,69,6
71,70,7
71,128,8
71,192,9
71,256,10
72,0,0
72,64,1
72,73,2
72,74,3
72,75,4
72,76,5
72,77,6
72,78,7
72,79,8
72,137,9
72,201,10
73,8,0
73,72,1
73,74,2
73,75,3
73,76,4
73,77,5
73,78,6
73,79,7
73,81,8
73,145,9
73,209,10
74,16,0
74,72,1
74,73,2
74,75,3
74,76,4
74,77,5
74,78,6
74,79,7
74,89,8
74,153,9
74,217,10
75,24,0
75,72,1
75,73,2
75,74,3
75,76,4
75,77,5
75,78,6
75,79,7
75,97,8
75,161,9
75,225,10
76,32,0
76,72,1
76,73,2
76,74,3
76,75,4
76,77,5
76,78,6
76,79,7
76,105,8
76,169,9
76,233,10
77,40,0
77,72,1
77,73,2
77,74,3
77,75,4
77,76,5
77,78,6
77,79,7
77,113,8
77,177,9
77,241,10
78,48,0
78,72,1
78,73,2
78,74,3
78,75,4
78,76,5
78,77,6
78,79,7
78,121,8
78,185,9
78,249,10
79,56,0
79,72,1
79,73,2
79,74,3
79,75,4
79,76,5
79,77,6
79,78,7
79,129,8
79,193,9
79,257,10
80,1,0
80,65,1
80,81,2
80,82,3
80,83,4
80,84,5
80,85,6
80,86,7
80,87,8
80,138,9
80,202,10
81,9,0
81,73,1
81,80,2
81,82,3
81,83,4
81,84,5
81,85,6
81,86,7
81,87,8
81,146,9
81,210,10
82,17,0
82,80,1
82,81,2
82,83,3
82,84,4
82,85,5
82,86,6
82,87,7
82,90,8
82,154,9
82,218,10
83,25,0
83,80,1
83,81,2
83,82,3
83,84,4
83,85,5
83,86,6
83,87,7
83,98,8
83,162,9
83,226,10
84,33,0
84,80,1
84,81,2
84,82,3
84,83,4
84,85,5
84,86,6
84,87,7
84,106,8
84,170,9
84,234,10
85,41,0
85,80,1
85,81,2
85,82,3
85,83,4
85,84,5
85,86,6
85,87,7
85,114,8
85,178,9
85,242,10
86,49,0
86,80,1
86,81,2
86,82,3
86,83,4
86,84,5
86,85,6
86,87,7
86,122,8
86,186,9
86,250,10
87,57,0
87,80,1
87,81,2
87,82,3
87,83,4
87,84,5
87,85,6
87,86,7
87,130,8
87,194,9
87,258,10
88,2,0
88,66,1
88,89,2
88,90,3
88,91,4
88,92,5
88,93,6
88,94,7
88,95,8
88,139,9
88,203,10
89,10,0
89,74,1
89,88,2
89,90,3
89,91,4
89,92,5
89,93,6
89,94,7
89,95,8
89,147,9
89,211,10
90,18,0
90,82,1
90,88,2
90,89,3
90,91,4
90,92,5
90,93,6
90,94,7
90,95,8
90,155,9
90,219,10
91,26,0
91,88,1
91,89,2
91,90,3
91,92,4
91,93,5
91,94,6
91,95,7
91,99,8
91,163,9
91,227,10
92,34,0
92,88,1
92,89,2
92,90,3
92,91,4
92,93,5
92,94,6
92,95,7
92,107,8
92,171,9
92,235,10
93,42,0
93,88,1
93,89,2
93,90,3
93,91,4
93,92,5
93,94,6
93,95,7
93,115,8
93,179,9
93,243,10
94,50,0
94,88,1
94,89,2
94,90,3
94,91,4
94,92,5
94,93,6
94,95,7
94,123,8
94,187,9
94,251,10
95,58,0
95,88,1
95,89,2
95,90,3
95,91,4
95,92,5
95,93,6
95,94,7
95,131,8
95,195,9
95,259,10
96,3,0
96,67,1
96,97,2
96,98,3
96,99,4
96,100,5
96,101,6
96,102,7
96,103,8
96,140,9
96,204,10
97,11,0
97,75,1
97,96,2
97,98,3
97,99,4
97,100,5
97,101,6
97,102,7
97,103,8
97,148,9
97,212,10
98,19,0
98,83,1
98,96,2
98,97,3
98,99,4
98,100,5
98,101,6
98,102,7
98,103,8
98,156,9
98,220,10
99,27,0
99,91,1
99,96,2
99,97,3
99,98,4
99,100,5
99,101,6
99,102,7
99,103,8
99,164,9
99,228,10
100,35,0
100,96,1
100,97,2
100,98,3
100,99,4
100,101,5
100,102,6
100,103,7
100,108,8
100,172,9
100,236,10
101,43,0
101,96,1
101,97,2
101,98,3
101,99,4
101,100,5
101,102,6
101,103,7
101,116,8
101,180,9
101,244,10
102,51,0
102,96,1
102,97,2
102,98,3
102,99,4
102,100,5
102,101,6
102,103,7
102,124,8
102,188,9
102,252,10
103,59,0
103,96,1
103,97,2
103,98,3
103,99,4
103,100,5
103,101,6
103,102,7
103,132,8
103,196,9
103,260,10
104,4,0
104,68,1
104,105,2
104,106,3
104,107,4
104,108,5
104,109,6
104,110,7
104,111,8
104,141,9
104,205,10
105,12,0
105,76,1
105,104,2
105,106,3
105,107,4
105,108,5
105,109,6
105,110,7
105,111,8
105,149,9
105,213,10
106,20,0
106,84,1
106,104,2
106,105,3
106,107,4
106,108,5
106,109,6
106,110,7
106,111,8
106,157,9
106,221,10
107,28,0
107,92,1
107,104,2
107,105,3
107,106,4
107,108,5
107,109,6
107,110,7
107,111,8
107,165,9
107,229,10
108,36,0
108,100,1
108,104,2
108,105,3
108,106,4
108,107,5
108,109,6
108,110,7
108,111,8
108,173,9
108,237,10
109,44,0
109,104,1
109,105,2
109,106,3
109,107,4
109,108,5
109,110,6
109,111,7
109,117,8
109,181,9
109,245,10
110,52,0
110,104,1
110,105,2
110,106,3
110,107,4
110,108,5
110,109,6
110,111,7
110,125,8
110,189,9
110,253,10
111,60,0
111,104,1
111,105,2
111,106,3
111,107,4
111,108,5
111,109,6
111,110,7
111,133,8
111,197,9
111,261,10
112,5,0
112,69,1
112,113,2
112,114,3
112,115,4
112,116,5
112,117,6
112,118,7
112,119,8
112,142,9
112,206,10
113,13,0
113,77,1
113,112,2
113,114,3
113,115,4
113,116,5
113,117,6
113,118,7
113,119,8
113,150,9
113,214,10
114,21,0
114,85,1
114,112,2
114,113,3
114,115,4
114,116,5
114,117,6
114,118,7
114,119,8
114,158,9
114,222,10
115,29,0
115,93,1
115,112,2
115,113,3
115,114,4
115,116,5
115,117,6
115,118,7
115,119,8
115,166,9
115,230,10
116,37,0
116,101,1
116,112,2
116,113,3
116,114,4
116,115,5
116,117,6
116,118,7
116,119,8
116,174,9
116,238,10
117,45,0
117,109,1
117,112,2
117,113,3
117,114,4
117,115,5
117,116,6
117,118,7
117,119,8
117,182,9
117,246,10
118,53,0
118,112,1
118,113,2
118,114,3
118,115,4
118,116,5
118,117,6
118,119,7
118,126,8
118,190,9
118,254,10
119,61,0
119,112,1
119,113,2
119,114,3
119,115,4
119,116,5
119,117,6
119,118,7
119,134,8
119,198,9
119,262,10
120,6,0
120,70,1
120,121,2
120,122,3
120,123,4
120,124,5
120,125,6
120,126,7
120,127,8
120,143,9
120,207,10
121,14,0
121,78,1
121,120,2
121,122,3
121,123,4
121,124,5
121,125,6
121,126,7
121,127,8
121,151,9
121,215,10
122,22,0
122,86,1
122,120,2
122,121,3
122,123,4
122,124,5
122,125,6
122,126,7
122,127,8
122,159,9
122,223,10
123,30,0
123,94,1
123,120,2
123,121,3
123,122,4
123,124,5
123,125,6
123,126,7
123,127,8
123,167,9
123,231,10
124,38,0
124,102,1
124,120,2
124,121,3
124,122,4
124,123,5
124,125,6
124,126,7
124,127,8
124,175,9
124,239,10
125,46,0
125,110,1
125,120,2
125,121,3
125,122,4
125,123,5
125,124,6
125,126,7
125,127,8
125,183,9
125,247,10
126,54,0
126,118,1
126,120,2
126,121,3
126,122,4
126,123,5
126,124,6
126,125,7
126,127,8
126,191,9
126,255,10
127,62,0
127,120,1
127,121,2
127,122,3
127,123,4
127,124,5
127,125,6
127,126,7
127,135,8
127,199,9
127,263,10
128,7,0
128,71,1
128,129,2
128,130,3
128,131,4
128,132,5
128,133,6
128,134,7
128,135,8
128,136,9
128,200,10
129,15,0
129,79,1
129,128,2
129,130,3
129,131,4
129,132,5
129,133,6
129,134,7
129,135,8
129,144,9
129,208,10
130,23,0
130,87,1
130,128,2
130,129,3
130,131,4
130,132,5
130,133,6
130,134,7
130,135,8
130,152,9
130,216,10
131,31,0
131,95,1
131,128,2
131,129,3
131,130,4
131,132,5
131,133,6
131,134,7
131,135,8
131,160,9
131,224,10
132,39,0
132,103,1
132,128,2
132,129,3
132,130,4
132,131,5
132,133,6
132,134,7
132,135,8
132,168,9
132,232,10
133,47,0
133,111,1
133,128,2
133,129,3
133,130,4
133,131,5
133,132,6
133,134,7
133,135,8
133,176,9
133,240,10
134,55,0
134,119,1
134,128,2
134,129,3
134,130,4
134,131,5
134,132,6
134,133,7
134,135,8
134,184,9
134,248,10
135,63,0
135,127,1
135,128,2
135,129,3
135,130,4
135,131,5
135,132,6
135,133,7
135,134,8
135,192,9
135,256,10
136,0,0
136,64,1
136,128,2
136,137,3
136,138,4
136,139,5
136,140,6
136,141,7
136,142,8
136,143,9
136,201,10
137,8,0
137,72,1
137,136,2
137,138,3
137,139,4
137,140,5
137,141,6
137,142,7
137,143,8
137,145,9
137,209,10
138,16,0
138,80,1
138,136,2
138,137,3
138,139,4
138,140,5
138,141,6
138,142,7
138,143,8
138,153,9
138,217,10
139,24,0
139,88,1
139,136,2
139,137,3
139,138,4
139,140,5
139,141,6
139,142,7
139,143,8
139,161,9
139,225,10
140,32,0
140,96,1
140,136,2
140,137,3
140,138,4
140,139,5
140,141,6
140,142,7
140,143,8
140,169,9
140,233,10
141,40,0
141,104,1
141,136,2
141,137,3
141,138,4
141,139,5
141,140,6
141,142,7
141,143,8
141,177,9
141,241,10
142,48,0
142,112,1
142,136,2
142,137,3
142,138,4
142,139,5
142,140,6
142,141,7
142,143,8
142,185,9
142,249,10
143,56,0
143,120,1
143,136,2
143,137,3
143,138,4
143,139,5
143,140,6
143,141,7
143,142,8
143,193,9
143,257,10
144,1,0
144,65,1
144,129,2
144,145,3
144,146,4
144,147,5
144,148,6
144,149,7
144,150,8
144,151,9
144,202,10
145,9,0
145,73,1
145,137,2
145,144,3
145,146,4
145,147,5
145,148,6
145,149,7
145,150,8
145,151,9
145,210,10
146,17,0
146,81,1
146,144,2
146,145,3
146,147,4
146,148,5
146,149,6
146,150,7
146,151,8
146,154,9
146,218,10
147,25,0
147,89,1
147,144,2
147,145,3
147,146,4
147,148,5
147,149,6
147,150,7
147,151,8
147,162,9
147,226,10
148,33,0
148,97,1
148,144,2
148,145,3
148,146,4
148,147,5
148,149,6
148,150,7
148,151,8
148,170,9
148,234,10
149,41,0
149,105,1
149,144,2
149,145,3
149,146,4
149,147,5
149,148,6
149,150,7
149,151,8
149,178,9
149,242,10
150,49,0
150,113,1
150,144,2
150,145,3
150,146,4
150,147,5
150,148,6
150,149,7
150,151,8
150,186,9
150,250,10
151,57,0
151,121,1
151,144,2
151,145,3
151,146,4
151,147,5
151,148,6
151,149,7
151,150,8
151,194,9
151,258,10
152,2,0
152,66,1
152,130,2
152,153,3
152,154,4
152,155,5
152,156,6
152,157,7
152,158,8
152,159,9
152,203,10
153,10,0
153,74,1
153,138,2
153,152,3
153,154,4
153,155,5
153,156,6
153,157,7
153,158,8
153,159,9
153,211,10
154,18,0
154,82,1
154,146,2
154,152,3
154,153,4
154,155,5
154,156,6
154,157,7
154,158,8
154,159,9
154,219,10
155,26,0
155,90,1
155,152,2
155,153,3
155,154,4
155,156,5
155,157,6
155,158,7
155,159,8
155,163,9
155,227,10
156,34,0
156,98,1
156,152,2
156,153,3
156,154,4
156,155,5
156,157,6
156,158,7
156,159,8
156,171,9
156,235,10
157,42,0
157,106,1
157,152,2
157,153,3
157,154,4
157,155,5
157,156,6
157,158,7
157,159,8
157,179,9
157,243,10
158,50,0
158,114,1
158,152,2
158,153,3
158,154,4
158,155,5
158,156,6
158,157,7
158,159,8
158,187,9
158,251,10
159,58,0
159,122,1
159,152,2
159,153,3
159,154,4
159,155,5
159,156,6
159,157,7
159,158,8
159,195,9
159,259,10
160,3,0
160,67,1
160,131,2
160,161,3
160,162,4
160,163,5
160,164,6
160,165,7
160,166,8
160,167,9
160,204,10
161,11,0
161,75,1
161,139,2
161,160,3
161,162,4
161,163,5
161,164,6
161,165,7
161,166,8
161,167,9
161,212,10
162,19,0
162,83,1
162,147,2
162,160,3
162,161,4
162,163,5
162,164,6
162,165,7
162,166,8
162,167,9
162,220,10
163,27,0
163,91,1
163,155,2
163,160,3
163,161,4
163,162,5
163,164,6
163,165,7
163,166,8
163,167,9
163,228,10
164,35,0
164,99,1
164,160,2
164,161,3
164,162,4
164,163,5
164,165,6
164,166,7
164,167,8
164,172,9
164,236,10
165,43,0
165,107,1
165,160,2
165,161,3
165,162,4
165,163,5
165,164,6
165,166,7
165,167,8
165,180,9
165,244,10
166,51,0
166,115,1
166,160,2
166,161,3
166,162,4
166,163,5
166,164,6
166,165,7
166,167,8
166,188,9
166,252,10
167,59,0
167,123,1
167,160,2
167,161,3
167,162,4
167,163,5
167,164,6
167,165,7
167,166,8
167,196,9
167,260,10
168,4,0
168,68,1
168,132,2
168,169,3
168,170,4
168,171,5
168,172,6
168,173,7
168,174,8
168,175,9
168,205,10
169,12,0
169,76,1
169,140,2
169,168,3
169,170,4
169,171,5
169,172,6
169,173,7
169,174,8
169,175,9
169,213,10
170,20,0
170,84,1
170,148,2
170,168,3
170,169,4
170,171,5
170,172,6
170,173,7
170,174,8
170,175,9
170,221,10
171,28,0
171,92,1
171,156,2
171,168,3
171,169,4
171,170,5
171,172,6
171,173,7
171,174,8
171,175,9
171,229,10
172,36,0
172,100,1
172,164,2
172,168,3
172,169,4
172,170,5
172,171,6
172,173,7
172,174,8
172,175,9
172,237,10
173,44,0
173,108,1
173,168,2
173,169,3
173,170,4
173,171,5
173,172,6
173,174,7
173,175,8
173,181,9
173,245,10
174,52,0
174,116,1
174,168,2
174,169,3
174,170,4
174,171,5
174,172,6
174,173,7
174,175,8
174,189,9
174,253,10
175,60,0
175,124,1
175,168,2
175,169,3
175,170,4
175,171,5
175,172,6
175,173,7
175,174,8
175,197,9
175,261,10
176,5,0
176,69,1
176,133,2
176,177,3
176,178,4
176,179,5
176,180,6
176,181,7
176,182,8
176,183,9
176,206,10
177,13,0
177,77,1
177,141,2
177,176,3
177,178,4
177,179,5
177,180,6
177,181,7
177,182,8
177,183,9
177,214,10
178,21,0
178,85,1
178,149,2
178,176,3
178,177,4
178,179,5
178,180,6
178,181,7
178,182,8
178,183,9
178,222,10
179,29,0
179,93,1
179,157,2
179,176,3
179,177,4
179,178,5
179,180,6
179,181,7
179,182,8
179,183,9
179,230,10
180,37,0
180,101,1
180,165,2
180,176,3
180,177,4
180,178,5
180,179,6
180,181,7
180,182,8
180,183,9
180,238,10
181,45,0
181,109,1
181,173,2
181,176,3
181,177,4
181,178,5
181,179,6
181,180,7
181,182,8
181,183,9
181,246,10
182,53,0
182,117,1
182,176,2
182,177,3
182,178,4
182,179,5
182,180,6
182,181,7
182,183,8
182,190,9
182,254,10
183,61,0
183,125,1
183,176,2
183,177,3
183,178,4
183,179,5
183,180,6
183,181,7
183,182,8
183,198,9
183,262,10
184,6,0
184,70,1
184,134,2
184,185,3
184,186,4
184,187,5
184,188,6
184,189,7
184,190,8
184,191,9
184,207,10
185,14,0
185,78,1
185,142,2
185,184,3
185,186,4
185,187,5
185,188,6
185,189,7
185,190,8
185,191,9
185,215,10
186,22,0
186,86,1
186,150,2
186,184,3
186,185,4
186,187,5
186,188,6
186,189,7
186,190,8
186,191,9
186,223,10
187,30,0
187,94,1
187,158,2
187,184,3
187,185,4
187,186,5
187,188,6
187,189,7
187,190,8
187,191,9
187,231,10
188,38,0
188,102,1
188,166,2
188,184,3
188,185,4
188,186,5
188,187,6
188,189,7
188,190,8
188,191,9
188,239,10
189,46,0
189,110,1
189,174,2
189,184,3
189,185,4
189,186,5
189,187,6
189,188,7
189,190,8
189,191,9
189,247,10
190,54,0
190,118,1
190,182,2
190,184,3
190,185,4
190,186,5
190,187,6
190,188,7
190,189,8
190,191,9
190,255,10
191,62,0
191,126,1
191,184,2
191,185,3
191,186,4
191,187,5
191,188,6
191,189,7
191,190,8
191,199,9
191,263,10
192,7,0
192,71,1
192,135,2
192,193,3
192,194,4
192,195,5
192,196,6
192,197,7
192,198,8
192,199,9
192,200,10
193,15,0
193,79,1
193,143,2
193,192,3
193,194,4
193,195,5
193,196,6
193,197,7
193,198,8
193,199,9
193,208,10
194,23,0
194,87,1
194,151,2
194,192,3
194,193,4
194,195,5
194,196,6
194,197,7
194,198,8
194,199,9
194,216,10
195,31,0
195,95,1
195,159,2
195,192,3
195,193,4
195,194,5
195,196,6
195,197,7
195,198,8
195,199,9
195,224,10
196,39,0
196,103,1
196,167,2
196,192,3
196,193,4
196,194,5
196,195,6
196,197,7
196,198,8
196,199,9
196,232,10
197,47,0
197,111,1
197,175,2
197,192,3
197,193,4
197,194,5
197,195,6
197,196,7
197,198,8
197,199,9
197,240,10
198,55,0
198,119,1
198,183,2
198,192,3
198,193,4
198,194,5
198,195,6
198,196,7
198,197,8
198,199,9
198,248,10
199,63,0
199,127,1
199,191,2
199,192,3
199,193,4
199,194,5
199,195,6
199,196,7
199,197,8
199,198,9
199,256,10
200,0,0
200,64,1
200,128,2
200,192,3
200,201,4
200,202,5
200,203,6
200,204,7
200,205,8
200,206,9
200,207,10
201,8,0
201,72,1
201,136,2
201,200,3
201,202,4
201,203,5
201,204,6
201,205,7
201,206,8
201,207,9
201,209,10
202,16,0
202,80,1
202,144,2
202,200,3
202,201,4
202,203,5
202,204,6
202,205,7
202,206,8
202,207,9
202,217,10
203,24,0
203,88,1
203,152,2
203,200,3
203,201,4
203,202,5
203,204,6
203,205,7
203,206,8
203,207,9
203,225,10
204,32,0
204,96,1
204,160,2
204,200,3
204,201,4
204,202,5
204,203,6
204,205,7
204,206,8
204,207,9
204,233,10
205,40,0
205,104,1
205,168,2
205,200,3
205,201,4
205,202,5
205,203,6
205,204,7
205,206,8
205,207,9
205,241,10
206,48,0
206,112,1
206,176,2
206,200,3
206,201,4
206,202,5
206,203,6
206,204,7
206,205,8
206,207,9
206,249,10
207,56,0
207,120,1
207,184,2
207,200,3
207,201,4
207,202,5
207,203,6
207,204,7
207,205,8
207,206,9
207,257,10
208,1,0
208,65,1
208,129,2
208,193,3
208,209,4
208,210,5
208,211,6
208,212,7
208,213,8
208,214,9
208,215,10
209,9,0
209,73,1
209,137,2
209,201,3
209,208,4
209,210,5
209,211,6
209,212,7
209,213,8
209,214,9
209,215,10
210,17,0
210,81,1
210,145,2
210,208,3
210,209,4
210,211,5
210,212,6
210,213,7
210,214,8
210,215,9
210,218,10
211,25,0
211,89,1
211,153,2
211,208,3
211,209,4
211,210,5
211,212,6
211,213,7
211,214,8
211,215,9
211,226,10
212,33,0
212,97,1
212,161,2
212,208,3
212,209,4
212,210,5
212,211,6
212,213,7
212,214,8
212,215,9
212,234,10
213,41,0
213,105,1
213,169,2
213,208,3
213,209,4
213,210,5
213,211,6
213,212,7
213,214,8
213,215,9
213,242,10
214,49,0
214,113,1
214,177,2
214,208,3
214,209,4
214,210,5
214,211,6
214,212,7
214,213,8
214,215,9
214,250,10
215,57,0
215,121,1
215,185,2
215,208,3
215,209,4
215,210,5
215,211,6
215,212,7
215,213,8
215,214,9
215,258,10
216,2,0
216,66,1
216,130,2
216,194,3
216,217,4
216,218,5
216,219,6
216,220,7
216,221,8
216,222,9
216,223,10
217,10,0
217,74,1
217,138,2
217,202,3
217,216,4
217,218,5
217,219,6
217,220,7
217,221,8
217,222,9
217,223,10
218,18,0
218,82,1
218,146,2
218,210,3
218,216,4
218,217,5
218,219,6
218,220,7
218,221,8
218,222,9
218,223,10
219,26,0
219,90,1
219,154,2
219,216,3
219,217,4
219,218,5
219,220,6
219,221,7
219,222,8
219,223,9
219,227,10
220,34,0
220,98,1
220,162,2
220,216,3
220,217,4
220,218,5
220,219,6
220,221,7
220,222,8
220,223,9
220,235,10
221,42,0
221,106,1
221,170,2
221,216,3
221,217,4
221,218,5
221,219,6
221,220,7
221,222,8
221,223,9
221,243,10
222,50,0
222,114,1
222,178,2
222,216,3
222,217,4
222,218,5
222,219,6
222,220,7
222,221,8
222,223,9
222,251,10
223,58,0
223,122,1
223,186,2
223,216,3
223,217,4
223,218,5
223,219,6
223,220,7
223,221,8
223,222,9
223,259,10
224,3,0
224,67,1
224,131,2
224,195,3
224,225,4
224,226,5
224,227,6
224,228,7
224,229,8
224,230,9
224,231,10
225,11,0
225,75,1
225,139,2
225,203,3
225,224,4
225,226,5
225,227,6
225,228,7
225,229,8
225,230,9
225,231,10
226,19,0
226,83,1
226,147,2
226,211,3
226,224,4
226,225,5
226,227,6
226,228,7
226,229,8
226,230,9
226,231,10
227,27,0
227,91,1
227,155,2
227,219,3
227,224,4
227,225,5
227,226,6
227,228,7
227,229,8
227,230,9
227,231,10
228,35,0
228,99,1
228,163,2
228,224,3
228,225,4
228,226,5
228,227,6
228,229,7
228,230,8
228,231,9
228,236,10
229,43,0
229,107,1
229,171,2
229,224,3
229,225,4
229,226,5
229,227,6
229,228,7
229,230,8
229,231,9
229,244,10
230,51,0
230,115,1
230,179,2
230,224,3
230,225,4
230,226,5
230,227,6
230,228,7
230,229,8
230,231,9
230,252,10
231,59,0
231,123,1
231,187,2
231,224,3
231,225,4
231,226,5
231,227,6
231,228,7
231,229,8
231,230,9
231,260,10
232,4,0
232,68,1
232,132,2
232,196,3
232,233,4
232,234,5
232,235,6
232,236,7
232,237,8
232,238,9
232,239,10
233,12,0
233,76,1
233,140,2
233,204,3
233,232,4
233,234,5
233,235,6
233,236,7
233,237,8
233,238,9
233,239,10
234,20,0
234,84,1
234,148,2
234,212,3
234,232,4
234,233,5
234,235,6
234,236,7
234,237,8
234,238,9
234,239,10
235,28,0
235,92,1
235,156,2
235,220,3
235,232,4
235,233,5
235,234,6
235,236,7
235,237,8
235,238,9
235,239,10
236,36,0
236,100,1
236,164,2
236,228,3
236,232,4
236,233,5
236,234,6
236,235,7
236,237,8
236,238,9
236,239,10
237,44,0
237,108,1
237,172,2
237,232,3
237,233,4
237,234,5
237,235,6
237,236,7
237,238,8
237,239,9
237,245,10
238,52,0
238,116,1
238,180,2
238,232,3
238,233,4
238,234,5
238,235,6
238,236,7
238,237,8
238,239,9
238,253,10
239,60,0
239,124,1
239,188,2
239,232,3
239,233,4
239,234,5
239,235,6
239,236,7
239,237,8
239,238,9
239,261,10
240,5,0
240,69,1
240,133,2
240,197,3
240,241,4
240,242,5
240,243,6
240,244,7
240,245,8
240,246,9
240,247,10
241,13,0
241,77,1
241,141,2
241,205,3
241,240,4
241,242,5
241,243,6
241,244,7
241,245,8
241,246,9
241,247,10
242,21,0
242,85,1
242,149,2
242,213,3
242,240,4
242,241,5
242,243,6
242,244,7
242,245,8
242,246,9
242,247,10
243,29,0
243,93,1
243,157,2
243,221,3
243,240,4
243,241,5
243,242,6
243,244,7
243,245,8
243,246,9
243,247,10
244,37,0
244,101,1
244,165,2
244,229,3
244,240,4
244,241,5
244,242,6
244,243,7
244,245,8
244,246,9
244,247,10
245,45,0
245,109,1
245,173,2
245,237,3
245,240,4
245,241,5
245,242,6
245,243,7
245,244,8
245,246,9
245,247,10
246,53,0
246,117,1
246,181,2
246,240,3
246,241,4
246,242,5
246,243,6
246,244,7
246,245,8
246,247,9
246,254,10
247,61,0
247,125,1
247,189,2
247,240,3
247,241,4
247,242,5
247,243,6
247,244,7
247,245,8
247,246,9
247,262,10
248,6,0
248,70,1
248,134,2
248,198,3
248,249,4
248,250,5
248,251,6
248,252,7
248,253,8
248,254,9
248,255,10
249,14,0
249,78,1
249,142,2
249,206,3
249,248,4
249,250,5
249,251,6
249,252,7
249,253,8
249,254,9
249,255,10
250,22,0
250,86,1
250,150,2
250,214,3
250,248,4
250,249,5
250,251,6
250,252,7
250,253,8
250,254,9
250,255,10
251,30,0
251,94,1
251,158,2
251,222,3
251,248,4
251,249,5
251,250,6
251,252,7
251,253,8
251,254,9
251,255,10
252,38,0
252,102,1
252,166,2
252,230,3
252,248,4
252,249,5
252,250,6
252,251,7
252,253,8
252,254,9
252,255,10
253,46,0
253,110,1
253,174,2
253,238,3
253,248,4
253,249,5
253,250,6
253,251,7
253,252,8
253,254,9
253,255,10
254,54,0
254,118,1
254,182,2
254,246,3
254,248,4
254,249,5
254,250,6
254,251,7
254,252,8
254,253,9
254,255,10
255,62,0
255,126,1
255,190,2
255,248,3
255,249,4
255,250,5
255,251,6
255,252,7
255,253,8
255,254,9
255,263,10
256,7,0
256,71,1
256,135,2
256,199,3
256,257,4
256,258,5
256,259,6
256,260,7
256,261,8
256,262,9
256,263,10
257,15,0
257,79,1
257,143,2
257,207,3
257,256,4
257,258,5
257,259,6
257,260,7
257,261,8
257,262,9
257,263,10
258,23,0
258,87,1
258,151,2
258,215,3
258,256,4
258,257,5
258,259,6
258,260,7
258,261,8
258,262,9
258,263,10
259,31,0
259,95,1
259,159,2
259,223,3
259,256,4
259,257,5
259,258,6
259,260,7
259,261,8
259,262,9
259,263,10
260,39,0
260,103,1
260,167,2
260,231,3
260,256,4
260,257,5
260,258,6
260,259,7
260,261,8
260,262,9
260,263,10
261,47,0
261,111,1
261,175,2
261,239,3
261,256,4
261,257,5
261,258,6
261,259,7
261,260,8
261,262,9
261,263,10
262,55,0
262,119,1
262,183,2
262,247,3
262,256,4
262,257,5
262,258,6
262,259,7
262,260,8
262,261,9
262,263,10
263,63,0
263,127,1
263,191,2
263,255,3
263,256,4
263,257,5
263,258,6
263,259,7
263,260,8
263,261,9
263,262,10
