load,routing_method,throughput_gbps,baseline_throughput_gbps,result_file
0.1,shortest_path,21.6,,/proj/hpcnetworksimulation-PG0/ziyzhang/SST/NexullanceSSTrelated/simulation_results/throughput_merlin_RRG_V36_D5_EPR3_load0p10_shift_1.csv
0.30000000000000004,shortest_path,64.8,,/proj/hpcnetworksimulation-PG0/ziyzhang/SST/NexullanceSSTrelated/simulation_results/throughput_merlin_RRG_V36_D5_EPR3_load0p30_shift_1.csv
0.5000000000000001,shortest_path,108.0,,/proj/hpcnetworksimulation-PG0/ziyzhang/SST/NexullanceSSTrelated/simulation_results/throughput_merlin_RRG_V36_D5_EPR3_load0p50_shift_1.csv
0.7000000000000001,shortest_path,147.5148,,/proj/hpcnetworksimulation-PG0/ziyzhang/SST/NexullanceSSTrelated/simulation_results/throughput_merlin_RRG_V36_D5_EPR3_load0p70_shift_1.csv
0.9000000000000001,shortest_path,183.31488,,/proj/hpcnetworksimulation-PG0/ziyzhang/SST/NexullanceSSTrelated/simulation_results/throughput_merlin_RRG_V36_D5_EPR3_load0p90_shift_1.csv
0.1,nexullance,21.6,21.6,/proj/hpcnetworksimulation-PG0/ziyzhang/SST/NexullanceSSTrelated/simulation_results/throughput_merlin_RRG_V36_D5_EPR3_load0p10_shift_1_nexullance.csv
0.30000000000000004,nexullance,64.80024,64.8,/proj/hpcnetworksimulation-PG0/ziyzhang/SST/NexullanceSSTrelated/simulation_results/throughput_merlin_RRG_V36_D5_EPR3_load0p30_shift_1_nexullance.csv
0.5000000000000001,nexullance,108.0,108.0,/proj/hpcnetworksimulation-PG0/ziyzhang/SST/NexullanceSSTrelated/simulation_results/throughput_merlin_RRG_V36_D5_EPR3_load0p50_shift_1_nexullance.csv
0.7000000000000001,nexullance,151.20032,147.5148,/proj/hpcnetworksimulation-PG0/ziyzhang/SST/NexullanceSSTrelated/simulation_results/throughput_merlin_RRG_V36_D5_EPR3_load0p70_shift_1_nexullance.csv
0.9000000000000001,nexullance,194.4,183.31488,/proj/hpcnetworksimulation-PG0/ziyzhang/SST/NexullanceSSTrelated/simulation_results/throughput_merlin_RRG_V36_D5_EPR3_load0p90_shift_1_nexullance.csv
0.1,md_nexullance,21.6,21.6,/proj/hpcnetworksimulation-PG0/ziyzhang/SST/NexullanceSSTrelated/simulation_results/throughput_merlin_RRG_V36_D5_EPR3_load0p10_shift_1_md_nexullance.csv
0.30000000000000004,md_nexullance,64.80024,64.8,/proj/hpcnetworksimulation-PG0/ziyzhang/SST/NexullanceSSTrelated/simulation_results/throughput_merlin_RRG_V36_D5_EPR3_load0p30_shift_1_md_nexullance.csv
0.5000000000000001,md_nexullance,108.0,108.0,/proj/hpcnetworksimulation-PG0/ziyzhang/SST/NexullanceSSTrelated/simulation_results/throughput_merlin_RRG_V36_D5_EPR3_load0p50_shift_1_md_nexullance.csv
0.7000000000000001,md_nexullance,151.20856,147.5148,/proj/hpcnetworksimulation-PG0/ziyzhang/SST/NexullanceSSTrelated/simulation_results/throughput_merlin_RRG_V36_D5_EPR3_load0p70_shift_1_md_nexullance.csv
0.9000000000000001,md_nexullance,194.4,183.31488,/proj/hpcnetworksimulation-PG0/ziyzhang/SST/NexullanceSSTrelated/simulation_results/throughput_merlin_RRG_V36_D5_EPR3_load0p90_shift_1_md_nexullance.csv
0.1,ugal_1,21.6,,/proj/hpcnetworksimulation-PG0/ziyzhang/SST/NexullanceSSTrelated/simulation_results/throughput_merlin_RRG_V36_D5_EPR3_load0p10_shift_1_ugal.csv
0.30000000000000004,ugal_1,64.8004,,/proj/hpcnetworksimulation-PG0/ziyzhang/SST/NexullanceSSTrelated/simulation_results/throughput_merlin_RRG_V36_D5_EPR3_load0p30_shift_1_ugal.csv
0.5000000000000001,ugal_1,108.0,,/proj/hpcnetworksimulation-PG0/ziyzhang/SST/NexullanceSSTrelated/simulation_results/throughput_merlin_RRG_V36_D5_EPR3_load0p50_shift_1_ugal.csv
0.7000000000000001,ugal_1,151.208,,/proj/hpcnetworksimulation-PG0/ziyzhang/SST/NexullanceSSTrelated/simulation_results/throughput_merlin_RRG_V36_D5_EPR3_load0p70_shift_1_ugal.csv
0.9000000000000001,ugal_1,193.02416,,/proj/hpcnetworksimulation-PG0/ziyzhang/SST/NexullanceSSTrelated/simulation_results/throughput_merlin_RRG_V36_D5_EPR3_load0p90_shift_1_ugal.csv
0.1,ugal_2,21.6,,/proj/hpcnetworksimulation-PG0/ziyzhang/SST/NexullanceSSTrelated/simulation_results/throughput_merlin_RRG_V36_D5_EPR3_load0p10_shift_1_ugal.csv
0.30000000000000004,ugal_2,64.80008,,/proj/hpcnetworksimulation-PG0/ziyzhang/SST/NexullanceSSTrelated/simulation_results/throughput_merlin_RRG_V36_D5_EPR3_load0p30_shift_1_ugal.csv
0.5000000000000001,ugal_2,108.0,,/proj/hpcnetworksimulation-PG0/ziyzhang/SST/NexullanceSSTrelated/simulation_results/throughput_merlin_RRG_V36_D5_EPR3_load0p50_shift_1_ugal.csv
0.7000000000000001,ugal_2,151.2008,,/proj/hpcnetworksimulation-PG0/ziyzhang/SST/NexullanceSSTrelated/simulation_results/throughput_merlin_RRG_V36_D5_EPR3_load0p70_shift_1_ugal.csv
0.9000000000000001,ugal_2,194.4,,/proj/hpcnetworksimulation-PG0/ziyzhang/SST/NexullanceSSTrelated/simulation_results/throughput_merlin_RRG_V36_D5_EPR3_load0p90_shift_1_ugal.csv
0.1,ugal_3,21.6,,/proj/hpcnetworksimulation-PG0/ziyzhang/SST/NexullanceSSTrelated/simulation_results/throughput_merlin_RRG_V36_D5_EPR3_load0p10_shift_1_ugal.csv
0.30000000000000004,ugal_3,64.80032,,/proj/hpcnetworksimulation-PG0/ziyzhang/SST/NexullanceSSTrelated/simulation_results/throughput_merlin_RRG_V36_D5_EPR3_load0p30_shift_1_ugal.csv
0.5000000000000001,ugal_3,108.0,,/proj/hpcnetworksimulation-PG0/ziyzhang/SST/NexullanceSSTrelated/simulation_results/throughput_merlin_RRG_V36_D5_EPR3_load0p50_shift_1_ugal.csv
0.7000000000000001,ugal_3,151.20112,,/proj/hpcnetworksimulation-PG0/ziyzhang/SST/NexullanceSSTrelated/simulation_results/throughput_merlin_RRG_V36_D5_EPR3_load0p70_shift_1_ugal.csv
0.9000000000000001,ugal_3,194.4,,/proj/hpcnetworksimulation-PG0/ziyzhang/SST/NexullanceSSTrelated/simulation_results/throughput_merlin_RRG_V36_D5_EPR3_load0p90_shift_1_ugal.csv
0.1,ugal_4,21.6,,/proj/hpcnetworksimulation-PG0/ziyzhang/SST/NexullanceSSTrelated/simulation_results/throughput_merlin_RRG_V36_D5_EPR3_load0p10_shift_1_ugal.csv
0.30000000000000004,ugal_4,64.80072,,/proj/hpcnetworksimulation-PG0/ziyzhang/SST/NexullanceSSTrelated/simulation_results/throughput_merlin_RRG_V36_D5_EPR3_load0p30_shift_1_ugal.csv
0.5000000000000001,ugal_4,108.0,,/proj/hpcnetworksimulation-PG0/ziyzhang/SST/NexullanceSSTrelated/simulation_results/throughput_merlin_RRG_V36_D5_EPR3_load0p50_shift_1_ugal.csv
0.7000000000000001,ugal_4,151.20792,,/proj/hpcnetworksimulation-PG0/ziyzhang/SST/NexullanceSSTrelated/simulation_results/throughput_merlin_RRG_V36_D5_EPR3_load0p70_shift_1_ugal.csv
0.9000000000000001,ugal_4,194.4,,/proj/hpcnetworksimulation-PG0/ziyzhang/SST/NexullanceSSTrelated/simulation_results/throughput_merlin_RRG_V36_D5_EPR3_load0p90_shift_1_ugal.csv
0.1,ugal_5,21.6,,/proj/hpcnetworksimulation-PG0/ziyzhang/SST/NexullanceSSTrelated/simulation_results/throughput_merlin_RRG_V36_D5_EPR3_load0p10_shift_1_ugal.csv
0.30000000000000004,ugal_5,64.80032,,/proj/hpcnetworksimulation-PG0/ziyzhang/SST/NexullanceSSTrelated/simulation_results/throughput_merlin_RRG_V36_D5_EPR3_load0p30_shift_1_ugal.csv
0.5000000000000001,ugal_5,108.0,,/proj/hpcnetworksimulation-PG0/ziyzhang/SST/NexullanceSSTrelated/simulation_results/throughput_merlin_RRG_V36_D5_EPR3_load0p50_shift_1_ugal.csv
0.7000000000000001,ugal_5,151.20728,,/proj/hpcnetworksimulation-PG0/ziyzhang/SST/NexullanceSSTrelated/simulation_results/throughput_merlin_RRG_V36_D5_EPR3_load0p70_shift_1_ugal.csv
0.9000000000000001,ugal_5,194.4,,/proj/hpcnetworksimulation-PG0/ziyzhang/SST/NexullanceSSTrelated/simulation_results/throughput_merlin_RRG_V36_D5_EPR3_load0p90_shift_1_ugal.csv
